{
    "accuracy": 0.9983333333333333,
    "macro_f1": 0.9979248631689359,
    "recall_consistent": 0.99907621,
    "recall_mismatch": 0.99640719,
    "confusion_matrix": [
        [
            2163,
            2
        ],
        [
            3,
            832
        ]
    ]
}